Dataset,T,CV,ML algorithm,Acc,b_Acc,Precision, Recall , F1-score, kappa ,tra-Time,test-Time,total-Time))
et/Main_Sentinel_padding_ralert,0,1,DT_r,0.7767044399034,0.657583752485761,0.694888183285826,0.657583752485761,0.671764167391422,0.742314116934744,0.135572910308838,0.001252174377441,0.136825084686279
et/Main_Sentinel_padding_ralert,0,2,DT_r,0.778097715028794,0.649316331024239,0.691801159384035,0.649316331024239,0.665637696563024,0.744024919020181,0.132020950317383,0.001142978668213,0.133163928985596
et/Main_Sentinel_padding_ralert,0,3,DT_r,0.777519739897817,0.661106464503502,0.701283445685078,0.661106464503502,0.676284758986307,0.744080382791686,0.131078243255615,0.001144886016846,0.132223129272461
et/Main_Sentinel_padding_ralert,0,4,DT_r,0.774640037157455,0.648758687762672,0.706477498516663,0.648758687762672,0.67038130039274,0.740224146643271,0.13105320930481,0.001156091690063,0.132209300994873
et/Main_Sentinel_padding_ralert,0,5,DT_r,0.782814677194612,0.659463059972935,0.711444403160336,0.659463059972935,0.676527727860794,0.749723957285744,0.131541967391968,0.001121044158936,0.132663011550903
et/Main_Sentinel_padding_ralert,0,6,DT_r,0.782164421737111,0.66745900068104,0.702061561992748,0.66745900068104,0.679648094879631,0.749796969608488,0.131118059158325,0.001748085021973,0.132866144180298
et/Main_Sentinel_padding_ralert,0,7,DT_r,0.771110078959591,0.649374327132282,0.679178932528841,0.649374327132282,0.659217231466649,0.736839831213327,0.130670070648193,0.001353979110718,0.132024049758911
et/Main_Sentinel_padding_ralert,0,8,DT_r,0.783836507199257,0.666954331722378,0.712025148675879,0.666954331722378,0.683304705506654,0.751534606507097,0.132936954498291,0.001268863677979,0.13420581817627
et/Main_Sentinel_padding_ralert,0,9,DT_r,0.779098931723177,0.656199025800286,0.699399592341647,0.656199025800286,0.672076689108625,0.745080374681064,0.133177757263184,0.001152038574219,0.134329795837402
et/Main_Sentinel_padding_ralert,0,10,DT_r,0.779098931723177,0.645380636608895,0.6903525913672,0.645380636608895,0.660377329771957,0.74467558015828,0.130640029907227,0.001236200332642,0.131876230239868
et/Main_Sentinel_padding_ralert,1,1,DT_r,0.779026565112391,0.649283549939155,0.693350393798006,0.649283549939155,0.662791002827301,0.74406781867845,0.133460998535156,0.001002073287964,0.13446307182312
et/Main_Sentinel_padding_ralert,1,2,DT_r,0.776425784878321,0.654998121875394,0.704054312452983,0.654998121875394,0.670645507626532,0.741650359321551,0.133543968200684,0.001175880432129,0.134719848632812
et/Main_Sentinel_padding_ralert,1,3,DT_r,0.780399442638179,0.667944604868289,0.714789029900324,0.667944604868289,0.685452681700046,0.747227441179519,0.131222009658813,0.001144886016846,0.132366895675659
et/Main_Sentinel_padding_ralert,1,4,DT_r,0.781978634463539,0.662359814276482,0.704282065248575,0.662359814276482,0.677448584231575,0.749721389895868,0.129730939865112,0.001114845275879,0.130845785140991
et/Main_Sentinel_padding_ralert,1,5,DT_r,0.783557826288899,0.660247180694154,0.71472904681258,0.660247180694154,0.678383052466661,0.750043249853807,0.130967855453491,0.000974178314209,0.1319420337677
et/Main_Sentinel_padding_ralert,1,6,DT_r,0.780120761727822,0.65725074140819,0.698433238588743,0.65725074140819,0.673378639138667,0.746444015019662,0.131781816482544,0.001234292984009,0.133016109466553
et/Main_Sentinel_padding_ralert,1,7,DT_r,0.775476079888528,0.660482361995108,0.713682590861311,0.660482361995108,0.675944423800352,0.740883129161614,0.133134126663208,0.001188993453979,0.134323120117188
et/Main_Sentinel_padding_ralert,1,8,DT_r,0.775754760798885,0.651479225218829,0.71660207902699,0.651479225218829,0.674700508680763,0.74255480026975,0.134234189987183,0.001195907592773,0.135430097579956
et/Main_Sentinel_padding_ralert,1,9,DT_r,0.785137018114259,0.646685105135928,0.689764101390841,0.646685105135928,0.661093225371968,0.753283598491834,0.131442308425903,0.001185655593872,0.132627964019775
et/Main_Sentinel_padding_ralert,1,10,DT_r,0.775568973525314,0.647021729981185,0.698442586143662,0.647021729981185,0.664180749772573,0.742012875966167,0.13070821762085,0.001182317733765,0.131890535354614
et/Main_Sentinel_padding_ralert,2,1,DT_r,0.781348690321382,0.655923177117613,0.70792657205921,0.655923177117613,0.674253905060142,0.74839335608279,0.131763935089111,0.001172065734863,0.132936000823975
et/Main_Sentinel_padding_ralert,2,2,DT_r,0.777633289986996,0.659771311933694,0.716975168831423,0.659771311933694,0.680124324231342,0.743038817893803,0.13310694694519,0.001156806945801,0.134263753890991
et/Main_Sentinel_padding_ralert,2,3,DT_r,0.780771017185323,0.649956612482642,0.692061310778316,0.649956612482642,0.665160425438454,0.747992902449147,0.131597995758057,0.001219749450684,0.13281774520874
et/Main_Sentinel_padding_ralert,2,4,DT_r,0.781792847189968,0.658333527152974,0.716315423199891,0.658333527152974,0.676954021714436,0.748617732221628,0.132020950317383,0.001149892807007,0.13317084312439
et/Main_Sentinel_padding_ralert,2,5,DT_r,0.77408267533674,0.643523693049802,0.688733573592605,0.643523693049802,0.660835215123192,0.738888927730139,0.132431745529175,0.001185178756714,0.133616924285889
et/Main_Sentinel_padding_ralert,2,6,DT_r,0.781792847189968,0.654603485568548,0.709846214859894,0.654603485568548,0.67145888419127,0.749151688878152,0.129497289657593,0.001153707504272,0.130650997161865
et/Main_Sentinel_padding_ralert,2,7,DT_r,0.776126335346029,0.645126333317582,0.698895028678772,0.645126333317582,0.662811945341029,0.742037767059367,0.132204055786133,0.001237154006958,0.133441209793091
et/Main_Sentinel_padding_ralert,2,8,DT_r,0.788666976312123,0.66437906848453,0.699378447228388,0.66437906848453,0.677067688269371,0.755495215791536,0.131763935089111,0.00108003616333,0.132843971252441
et/Main_Sentinel_padding_ralert,2,9,DT_r,0.780771017185323,0.660702523458919,0.708005650384386,0.660702523458919,0.676342840004353,0.748365398749679,0.134687900543213,0.001290082931519,0.135977983474731
et/Main_Sentinel_padding_ralert,2,10,DT_r,0.776405016256386,0.662154342882871,0.698921435615329,0.662154342882871,0.673985019802789,0.742705731459879,0.132415056228638,0.001162052154541,0.133577108383179
et/Main_Sentinel_padding_ralert,3,1,DT_r,0.771688649451978,0.6397333043848,0.687175523837967,0.6397333043848,0.655403971555572,0.737131597666781,0.132477045059204,0.00122594833374,0.133702993392944
et/Main_Sentinel_padding_ralert,3,2,DT_r,0.783206390488575,0.660772083665646,0.7070004808204,0.660772083665646,0.675953680186328,0.750735821451937,0.131552934646606,0.001160144805908,0.132713079452515
et/Main_Sentinel_padding_ralert,3,3,DT_r,0.782164421737111,0.659810059104092,0.717065043207769,0.659810059104092,0.680286900528743,0.748765974889938,0.131753921508789,0.001228094100952,0.132982015609741
et/Main_Sentinel_padding_ralert,3,4,DT_r,0.773339526242452,0.650715154768357,0.680851283832923,0.650715154768357,0.661425244906612,0.739818795547819,0.133899927139282,0.001172065734863,0.135071992874146
et/Main_Sentinel_padding_ralert,3,5,DT_r,0.780956804458895,0.656782130665755,0.69112470970418,0.656782130665755,0.669588298424447,0.747883888375,0.131651878356934,0.001244068145752,0.132895946502686
et/Main_Sentinel_padding_ralert,3,6,DT_r,0.784115188109614,0.664915795419495,0.727203228416903,0.664915795419495,0.688114190652388,0.750497081349028,0.133414030075073,0.001081705093384,0.134495735168457
et/Main_Sentinel_padding_ralert,3,7,DT_r,0.784022294472829,0.658424385315364,0.69401230943975,0.658424385315364,0.669857586198426,0.750926057636707,0.132376194000244,0.001273155212402,0.133649349212646
et/Main_Sentinel_padding_ralert,3,8,DT_r,0.774547143520669,0.651983965355642,0.697126078925794,0.651983965355642,0.667979129345048,0.739867041797278,0.133650064468384,0.00117301940918,0.134823083877563
et/Main_Sentinel_padding_ralert,3,9,DT_r,0.779377612633534,0.660982036977456,0.701672292750413,0.660982036977456,0.675551433119678,0.746262892241828,0.129436254501343,0.001132965087891,0.130569219589233
et/Main_Sentinel_padding_ralert,3,10,DT_r,0.782164421737111,0.653962812393974,0.70016198601986,0.653962812393974,0.671069307832848,0.748311662155958,0.130389928817749,0.001133918762207,0.131523847579956
et/Main_Sentinel_padding_ralert,4,1,DT_r,0.77911945012075,0.649362216544022,0.693387854926014,0.649362216544022,0.662843861836739,0.744173614073158,0.133599996566772,0.001111030578613,0.134711027145386
et/Main_Sentinel_padding_ralert,4,2,DT_r,0.776425784878321,0.655283458281037,0.702827509565898,0.655283458281037,0.670866024537529,0.741646956855543,0.134235858917236,0.001168966293335,0.135404825210571
et/Main_Sentinel_padding_ralert,4,3,DT_r,0.780120761727822,0.667843261956322,0.714608891821432,0.667843261956322,0.685308501189547,0.746907815184571,0.130281925201416,0.001195192337036,0.131477117538452
et/Main_Sentinel_padding_ralert,4,4,DT_r,0.781699953553182,0.662259410989655,0.704170182748445,0.662259410989655,0.677341954878442,0.749396020411479,0.131622791290283,0.001171827316284,0.132794618606567
et/Main_Sentinel_padding_ralert,4,5,DT_r,0.783557826288899,0.659865003211544,0.714857109321495,0.659865003211544,0.678204593492522,0.750042422865624,0.131938695907593,0.001245260238647,0.13318395614624
et/Main_Sentinel_padding_ralert,4,6,DT_r,0.780492336274965,0.657882257037635,0.698888384093631,0.657882257037635,0.673931715437335,0.746883139137264,0.132773876190186,0.001163959503174,0.133937835693359
et/Main_Sentinel_padding_ralert,4,7,DT_r,0.775568973525314,0.660530348630877,0.714185145857256,0.660530348630877,0.676303357047365,0.740991271472452,0.130567073822021,0.001121997833252,0.131689071655273
et/Main_Sentinel_padding_ralert,4,8,DT_r,0.775754760798885,0.651480808057137,0.716290163000991,0.651480808057137,0.674559993740193,0.742554573278725,0.134402990341187,0.001124143600464,0.13552713394165
et/Main_Sentinel_padding_ralert,4,9,DT_r,0.784765443567116,0.646395882406415,0.689571212031412,0.646395882406415,0.660866014829606,0.752843730858832,0.133758068084717,0.001081705093384,0.134839773178101
et/Main_Sentinel_padding_ralert,4,10,DT_r,0.775568973525314,0.646477293973778,0.696398920464203,0.646477293973778,0.66372815120412,0.742012251547359,0.132413148880005,0.001152038574219,0.133565187454224
et/Main_Sentinel_padding_ralert,5,1,DT_r,0.772338844510496,0.65762151911867,0.689719067768154,0.65762151911867,0.667822684760234,0.73828614640937,0.131471872329712,0.001278877258301,0.132750749588013
et/Main_Sentinel_padding_ralert,5,2,DT_r,0.778747910087312,0.649558687482851,0.698386288179501,0.649558687482851,0.667929870867789,0.744479472448592,0.132735967636108,0.001232147216797,0.133968114852905
et/Main_Sentinel_padding_ralert,5,3,DT_r,0.777612633534603,0.647583064723816,0.705842069819103,0.647583064723816,0.66139405509284,0.74396361935003,0.135417222976685,0.001251935958862,0.136669158935547
et/Main_Sentinel_padding_ralert,5,4,DT_r,0.778634463539248,0.667048625703272,0.70898789583931,0.667048625703272,0.683379376190585,0.745358731924554,0.131038904190063,0.001139879226685,0.132178783416748
et/Main_Sentinel_padding_ralert,5,5,DT_r,0.780956804458895,0.670717778822528,0.709357480649581,0.670717778822528,0.685650002253205,0.746476168992396,0.130311965942383,0.001165151596069,0.131477117538452
et/Main_Sentinel_padding_ralert,5,6,DT_r,0.785601486298189,0.647042229612788,0.691397138950996,0.647042229612788,0.662547576926562,0.752614319476898,0.131587743759155,0.001203298568726,0.132791042327881
et/Main_Sentinel_padding_ralert,5,7,DT_r,0.783743613562471,0.663238595838077,0.717279403462369,0.663238595838077,0.680699778263911,0.75081553956284,0.131282806396484,0.001229047775269,0.132511854171753
et/Main_Sentinel_padding_ralert,5,8,DT_r,0.774547143520669,0.649693666161222,0.692332461753684,0.649693666161222,0.664712896117644,0.740451146905269,0.130115032196045,0.001219987869263,0.131335020065308
et/Main_Sentinel_padding_ralert,5,9,DT_r,0.780306549001393,0.664198343134917,0.708068907712959,0.664198343134917,0.679719132418602,0.747437045353622,0.13291597366333,0.001163959503174,0.134079933166504
et/Main_Sentinel_padding_ralert,5,10,DT_r,0.775661867162099,0.650177870369475,0.69498612962044,0.650177870369475,0.665619612660929,0.741811306434159,0.132034063339233,0.001145839691162,0.133179903030396
et/Main_Sentinel_padding_ralert,6,1,DT_r,0.774475199702768,0.658502192048431,0.6976686747762,0.658502192048431,0.67353401010205,0.740442022259937,0.132414817810059,0.001199960708618,0.133614778518677
et/Main_Sentinel_padding_ralert,6,2,DT_r,0.780977150287944,0.651878835324197,0.704200705842651,0.651878835324197,0.671618587410532,0.747851968563563,0.131423950195312,0.00111985206604,0.132543802261353
et/Main_Sentinel_padding_ralert,6,3,DT_r,0.782443102647469,0.659816587535658,0.720517363399904,0.659816587535658,0.681444235692061,0.748828241444917,0.131927728652954,0.001200199127197,0.133127927780151
et/Main_Sentinel_padding_ralert,6,4,DT_r,0.77361820715281,0.64874800071125,0.712134159857271,0.64874800071125,0.66766223912059,0.73944193170822,0.131539106369019,0.001150846481323,0.132689952850342
et/Main_Sentinel_padding_ralert,6,5,DT_r,0.781792847189968,0.668536036190423,0.710695036099116,0.668536036190423,0.68355812466758,0.748650817580621,0.132569074630737,0.00123119354248,0.133800268173218
et/Main_Sentinel_padding_ralert,6,6,DT_r,0.772317696237808,0.662253899629386,0.685562288548178,0.662253899629386,0.669241497658806,0.738778676907078,0.132072925567627,0.001125812530518,0.133198738098145
et/Main_Sentinel_padding_ralert,6,7,DT_r,0.776219228982815,0.650696765347206,0.694087468687364,0.650696765347206,0.667361351709101,0.741329665178279,0.131783723831177,0.00117301940918,0.132956743240356
et/Main_Sentinel_padding_ralert,6,8,DT_r,0.778727357176034,0.664068703777478,0.695559160815466,0.664068703777478,0.675622119131647,0.745548652150792,0.134785890579224,0.001194953918457,0.135980844497681
et/Main_Sentinel_padding_ralert,6,9,DT_r,0.776962378077102,0.646071417940501,0.707242013160243,0.646071417940501,0.664708730751364,0.741875116613897,0.131976127624512,0.001128911972046,0.133105039596558
et/Main_Sentinel_padding_ralert,6,10,DT_r,0.781142591732466,0.646098062841841,0.697195085699112,0.646098062841841,0.66311970883761,0.748046294685582,0.13125205039978,0.001161098480225,0.132413148880005
et/Main_Sentinel_padding_ralert,7,1,DT_r,0.78190600037154,0.661649393509178,0.716341431357956,0.661649393509178,0.680141242792618,0.749181576680543,0.132304191589355,0.001210927963257,0.133515119552612
et/Main_Sentinel_padding_ralert,7,2,DT_r,0.776983094928478,0.654756462650158,0.697913953777064,0.654756462650158,0.668301307858503,0.743110901538496,0.131548166275024,0.001170873641968,0.132719039916992
et/Main_Sentinel_padding_ralert,7,3,DT_r,0.779656293543892,0.660901496417554,0.702983794099446,0.660901496417554,0.67646679240759,0.746627751912468,0.133986949920654,0.001236915588379,0.135223865509033
et/Main_Sentinel_padding_ralert,7,4,DT_r,0.778727357176034,0.656545151086755,0.694497938146388,0.656545151086755,0.669612967059722,0.744205641895879,0.132303953170776,0.001132011413574,0.133435964584351
et/Main_Sentinel_padding_ralert,7,5,DT_r,0.775940548072457,0.638927346338688,0.703397113011256,0.638927346338688,0.66203544055824,0.742200832469591,0.131341934204102,0.001090049743652,0.132431983947754
et/Main_Sentinel_padding_ralert,7,6,DT_r,0.785229911751045,0.655373476251773,0.702041808632254,0.655373476251773,0.671736403887769,0.751243921319347,0.129453897476196,0.00117015838623,0.130624055862427
et/Main_Sentinel_padding_ralert,7,7,DT_r,0.776497909893172,0.656429393904885,0.692983117979325,0.656429393904885,0.670701549670576,0.742846617538053,0.131259202957153,0.001129865646362,0.132389068603516
et/Main_Sentinel_padding_ralert,7,8,DT_r,0.77835578262889,0.653431036913758,0.701072212226177,0.653431036913758,0.671363580088784,0.745075992698209,0.13267993927002,0.001150131225586,0.133830070495605
et/Main_Sentinel_padding_ralert,7,9,DT_r,0.775383186251742,0.6503945119926,0.694579622042624,0.6503945119926,0.665592861441597,0.741344673381218,0.131829977035522,0.001128911972046,0.132958889007568
et/Main_Sentinel_padding_ralert,7,10,DT_r,0.781328379006038,0.668969517035201,0.722288703113897,0.668969517035201,0.686933470798742,0.747947172927997,0.132949113845825,0.001172065734863,0.134121179580688
et/Main_Sentinel_padding_ralert,8,1,DT_r,0.77131710941854,0.651788375830719,0.695511367942912,0.651788375830719,0.668364306185564,0.736978293585299,0.129039764404297,0.001163005828857,0.130202770233154
et/Main_Sentinel_padding_ralert,8,2,DT_r,0.775589819803084,0.644822184376159,0.708404571411953,0.644822184376159,0.66400708575367,0.741112955898813,0.128835916519165,0.001154661178589,0.129990577697754
et/Main_Sentinel_padding_ralert,8,3,DT_r,0.780863910822109,0.657989880865777,0.697918770768117,0.657989880865777,0.672212954818183,0.746990511245624,0.131971120834351,0.001209735870361,0.133180856704712
et/Main_Sentinel_padding_ralert,8,4,DT_r,0.777055271713888,0.646750024693,0.7018151789067,0.646750024693,0.6648269488713,0.743991750660332,0.134481191635132,0.001146793365479,0.13562798500061
et/Main_Sentinel_padding_ralert,8,5,DT_r,0.779191825359963,0.661163428944144,0.702681761784233,0.661163428944144,0.675657268925057,0.746305445629819,0.13137698173523,0.001224040985107,0.132601022720337
et/Main_Sentinel_padding_ralert,8,6,DT_r,0.778541569902462,0.669807111024171,0.715584662265082,0.669807111024171,0.6863178034573,0.744493092164177,0.131076097488403,0.001123666763306,0.132199764251709
et/Main_Sentinel_padding_ralert,8,7,DT_r,0.776590803529958,0.663423695235999,0.706934947894518,0.663423695235999,0.680014897191043,0.743323940948562,0.13274097442627,0.00113582611084,0.133876800537109
et/Main_Sentinel_padding_ralert,8,8,DT_r,0.78783093358105,0.658235065814314,0.695449386425866,0.658235065814314,0.671936886757834,0.754951490785035,0.131919145584106,0.00114107131958,0.133060216903687
et/Main_Sentinel_padding_ralert,8,9,DT_r,0.785880167208546,0.661896956472668,0.703222169675705,0.661896956472668,0.676663431589345,0.752551057677546,0.131233930587769,0.001162052154541,0.13239598274231
et/Main_Sentinel_padding_ralert,8,10,DT_r,0.776683697166744,0.664310013652032,0.706977618541432,0.664310013652032,0.679364430712387,0.742858926557792,0.130944013595581,0.001134157180786,0.132078170776367
et/Main_Sentinel_padding_ralert,9,1,DT_r,0.77401077466097,0.644385236892689,0.734151735617722,0.644385236892689,0.673880589495961,0.740271053699892,0.132041931152344,0.00113582611084,0.133177757263184
et/Main_Sentinel_padding_ralert,9,2,DT_r,0.778376370053873,0.659459722052474,0.715509408240713,0.659459722052474,0.678927756815183,0.744336702379396,0.132401943206787,0.001163959503174,0.133565902709961
et/Main_Sentinel_padding_ralert,9,3,DT_r,0.780771017185323,0.664325884693236,0.707765389478559,0.664325884693236,0.681000972260009,0.747668485570321,0.139545202255249,0.001151084899902,0.140696287155151
et/Main_Sentinel_padding_ralert,9,4,DT_r,0.776126335346029,0.641044458826309,0.694379001419268,0.641044458826309,0.657342666295622,0.74247499991513,0.135092973709106,0.001174926757812,0.136267900466919
et/Main_Sentinel_padding_ralert,9,5,DT_r,0.784300975383186,0.667023650815413,0.70088160193477,0.667023650815413,0.678937603649893,0.751599158679962,0.12992000579834,0.001138925552368,0.131058931350708
et/Main_Sentinel_padding_ralert,9,6,DT_r,0.783557826288899,0.66430524251356,0.716823873812015,0.66430524251356,0.67998068902599,0.750613078439987,0.132168292999268,0.001192331314087,0.133360624313354
et/Main_Sentinel_padding_ralert,9,7,DT_r,0.778169995355318,0.650322538937672,0.722141916890692,0.650322538937672,0.675163467179705,0.743896291687579,0.131162166595459,0.001221179962158,0.132383346557617
et/Main_Sentinel_padding_ralert,9,8,DT_r,0.783000464468184,0.65216413389288,0.69283777558356,0.65216413389288,0.665745327050756,0.749204653294959,0.130374908447266,0.001200914382935,0.1315758228302
et/Main_Sentinel_padding_ralert,9,9,DT_r,0.777241058987459,0.658132841999514,0.702733022379171,0.658132841999514,0.672885821826498,0.743758111267029,0.133147954940796,0.001238107681274,0.13438606262207
et/Main_Sentinel_padding_ralert,9,10,DT_r,0.776962378077102,0.668626358846469,0.698864851240948,0.668626358846469,0.678502967325456,0.742842341968929,0.129687070846558,0.001167774200439,0.130854845046997
et/Main_Sentinel_padding_ralert,0,1,Random Forest R,0.776054244844882,0.661374778758752,0.693635063792542,0.661374778758752,0.671894463719615,0.741798313736818,1.957849025726318,0.087248802185059,2.045097827911377
et/Main_Sentinel_padding_ralert,0,2,Random Forest R,0.783113505480216,0.658461598543342,0.709396413081815,0.658461598543342,0.677010839914092,0.749775442396396,2.005311012268066,0.078495979309082,2.083806991577148
et/Main_Sentinel_padding_ralert,0,3,Random Forest R,0.786716209939619,0.658190354537379,0.68580082543696,0.658190354537379,0.66801556296111,0.754107305379113,1.928275108337402,0.079522132873535,2.007797241210938
et/Main_Sentinel_padding_ralert,0,4,Random Forest R,0.788388295401765,0.665986101622808,0.704253868717941,0.665986101622808,0.68030725250896,0.756074442828553,1.958734750747681,0.077052116394043,2.035786867141724
et/Main_Sentinel_padding_ralert,0,5,Random Forest R,0.783836507199257,0.654963542473036,0.714441297531993,0.654963542473036,0.67391152643913,0.750041377624902,1.9306480884552,0.078114748001099,2.008762836456299
et/Main_Sentinel_padding_ralert,0,6,Random Forest R,0.787645146307478,0.65970566219568,0.696959398904241,0.65970566219568,0.673815677051977,0.754960367296723,1.954001903533936,0.076204061508179,2.030205965042114
et/Main_Sentinel_padding_ralert,0,7,Random Forest R,0.788481189038551,0.650753441722735,0.692106498323106,0.650753441722735,0.666493713475514,0.757471062045776,1.955936908721924,0.078818082809448,2.034754991531372
et/Main_Sentinel_padding_ralert,0,8,Random Forest R,0.782907570831398,0.671443559718328,0.71470365690354,0.671443559718328,0.687583312119376,0.750540220257499,1.956027030944824,0.077646732330322,2.033673763275146
et/Main_Sentinel_padding_ralert,0,9,Random Forest R,0.78783093358105,0.664520457970038,0.691669234420243,0.664520457970038,0.674338069505491,0.755071923489291,1.964408159255982,0.076406002044678,2.040814161300659
et/Main_Sentinel_padding_ralert,0,10,Random Forest R,0.780863910822109,0.65842364194308,0.691142708762271,0.65842364194308,0.67027209644681,0.748676178887969,1.952644109725952,0.076629161834717,2.029273271560669
et/Main_Sentinel_padding_ralert,1,1,Random Forest R,0.783485045513654,0.655826546872188,0.706153333872306,0.655826546872188,0.673018408797203,0.749216843075796,1.920741081237793,0.075975179672241,1.996716260910034
et/Main_Sentinel_padding_ralert,1,2,Random Forest R,0.790358536132268,0.665357202791092,0.702969113589722,0.665357202791092,0.678223881709154,0.757174323313827,1.978250026702881,0.077359914779663,2.055609941482544
et/Main_Sentinel_padding_ralert,1,3,Random Forest R,0.781421272642824,0.653693475301231,0.692067660815112,0.653693475301231,0.666953478185246,0.748301405163288,1.965662956237793,0.0780029296875,2.043665885925293
et/Main_Sentinel_padding_ralert,1,4,Random Forest R,0.786809103576405,0.664229367299173,0.706974999633096,0.664229367299173,0.679760668706941,0.754818822262585,1.958784103393555,0.076301097869873,2.035085201263428
et/Main_Sentinel_padding_ralert,1,5,Random Forest R,0.782071528100325,0.655184209255224,0.708342097750882,0.655184209255224,0.671451856397825,0.749410671259508,1.97711992263794,0.077452898025513,2.054572820663452
et/Main_Sentinel_padding_ralert,1,6,Random Forest R,0.784765443567116,0.667862009108835,0.718580928060108,0.667862009108835,0.683264361277809,0.752298917334213,1.998777866363526,0.078155040740967,2.076932907104492
et/Main_Sentinel_padding_ralert,1,7,Random Forest R,0.789967487227125,0.671854715704686,0.734534302673283,0.671854715704686,0.692446319355003,0.759357006121087,1.95313310623169,0.076305150985718,2.029438257217407
et/Main_Sentinel_padding_ralert,1,8,Random Forest R,0.777055271713888,0.656655137663317,0.690111560805544,0.656655137663317,0.667747133190787,0.743471666174464,1.962732076644898,0.078666925430298,2.041399002075195
et/Main_Sentinel_padding_ralert,1,9,Random Forest R,0.782814677194612,0.6632985296012,0.711187146850538,0.6632985296012,0.680361019493316,0.749948774836356,1.967026948928833,0.077144145965576,2.044171094894409
et/Main_Sentinel_padding_ralert,1,10,Random Forest R,0.786994890849977,0.66097760566869,0.722888801278382,0.66097760566869,0.678490910912061,0.754401132908164,1.98576807975769,0.078629970550537,2.064398050308228
et/Main_Sentinel_padding_ralert,2,1,Random Forest R,0.789708341073751,0.659674307577511,0.713598309318934,0.659674307577511,0.676036002059388,0.757752350478301,1.974319934844971,0.076684951782227,2.051004886627197
et/Main_Sentinel_padding_ralert,2,2,Random Forest R,0.783113505480216,0.650572513490883,0.709375387122368,0.650572513490883,0.670101155864827,0.749913377599521,1.957953929901123,0.077219724655151,2.035173654556274
et/Main_Sentinel_padding_ralert,2,3,Random Forest R,0.784765443567116,0.657299860770212,0.695941612279482,0.657299860770212,0.672163118908978,0.753124619677876,2.012814998626709,0.078869104385376,2.091684103012085
et/Main_Sentinel_padding_ralert,2,4,Random Forest R,0.77835578262889,0.64906739102469,0.685887839286498,0.64906739102469,0.662365208304496,0.744659118901288,1.969620943069458,0.077600002288818,2.047220945358276
et/Main_Sentinel_padding_ralert,2,5,Random Forest R,0.785880167208546,0.660199929768571,0.690877643876308,0.660199929768571,0.671539204750726,0.752608994759114,1.997561693191528,0.078601837158203,2.076163530349732
et/Main_Sentinel_padding_ralert,2,6,Random Forest R,0.786623316302833,0.677112342829892,0.709936949809392,0.677112342829892,0.689498745675268,0.755064941525372,1.977229118347168,0.078327894210815,2.055557012557984
et/Main_Sentinel_padding_ralert,2,7,Random Forest R,0.777426846261031,0.664311324701895,0.727469028255843,0.664311324701895,0.682372133813151,0.743783832957677,1.970561742782593,0.076848983764648,2.047410726547241
et/Main_Sentinel_padding_ralert,2,8,Random Forest R,0.784022294472829,0.665163598700482,0.72044045489489,0.665163598700482,0.683343370195668,0.751083042184941,1.950400114059448,0.076592922210693,2.026993036270142
et/Main_Sentinel_padding_ralert,2,9,Random Forest R,0.793961913608918,0.672281223993694,0.695199895484542,0.672281223993694,0.679920463119897,0.761941108446655,1.989298820495606,0.077119827270508,2.066418647766113
et/Main_Sentinel_padding_ralert,2,10,Random Forest R,0.788109614491407,0.657251025932117,0.696938154134388,0.657251025932117,0.672273541363878,0.755766954176434,2.015166997909546,0.079102993011475,2.09426999092102
et/Main_Sentinel_padding_ralert,3,1,Random Forest R,0.785992940739365,0.659315605881197,0.694925626197726,0.659315605881197,0.670795130929025,0.753902580306652,1.940858125686646,0.077172994613647,2.018031120300293
et/Main_Sentinel_padding_ralert,3,2,Random Forest R,0.780977150287944,0.654987865060496,0.699679792050695,0.654987865060496,0.670534841424149,0.747355841284804,1.969939231872558,0.078086853027344,2.048026084899902
et/Main_Sentinel_padding_ralert,3,3,Random Forest R,0.779749187180678,0.650031715690265,0.700506821234446,0.650031715690265,0.667638013748294,0.746934116927121,2.014841794967651,0.079354047775269,2.09419584274292
et/Main_Sentinel_padding_ralert,3,4,Random Forest R,0.784579656293544,0.666440427282895,0.694617921706784,0.666440427282895,0.675751311571097,0.751031543662802,1.960978031158447,0.078225135803223,2.03920316696167
et/Main_Sentinel_padding_ralert,3,5,Random Forest R,0.789317231769624,0.660966682180776,0.709390213697491,0.660966682180776,0.676765642739269,0.756865121527108,1.976264953613281,0.078329801559448,2.05459475517273
et/Main_Sentinel_padding_ralert,3,6,Random Forest R,0.783836507199257,0.658441749952086,0.704040117843761,0.658441749952086,0.673392482033252,0.751316762151173,2.016506910324097,0.077847957611084,2.094354867935181
et/Main_Sentinel_padding_ralert,3,7,Random Forest R,0.786809103576405,0.661880871606276,0.697528436472316,0.661880871606276,0.675190419771067,0.754658795916144,1.965275049209595,0.078299999237061,2.043575048446655
et/Main_Sentinel_padding_ralert,3,8,Random Forest R,0.783000464468184,0.648832950666617,0.67802922758402,0.648832950666617,0.659313010197955,0.750208337358366,1.989335060119629,0.078901052474976,2.068236112594604
et/Main_Sentinel_padding_ralert,3,9,Random Forest R,0.787180678123548,0.665243875832254,0.70724980610557,0.665243875832254,0.679842838801699,0.75432824056449,1.996602058410644,0.078519821166992,2.075121879577637
et/Main_Sentinel_padding_ralert,3,10,Random Forest R,0.786994890849977,0.675400326498633,0.707768883441996,0.675400326498633,0.686565409830101,0.754924561161516,2.000967979431152,0.078850030899048,2.0798180103302
et/Main_Sentinel_padding_ralert,4,1,Random Forest R,0.785714285714286,0.658221288573868,0.705318736067992,0.658221288573868,0.673542037622362,0.752803116445932,1.988205909729004,0.077424049377441,2.065629959106445
et/Main_Sentinel_padding_ralert,4,2,Random Forest R,0.78181311536318,0.666687126107328,0.687693135069851,0.666687126107328,0.673247783263443,0.748922714559456,1.981155157089234,0.078874826431274,2.060029983520508
et/Main_Sentinel_padding_ralert,4,3,Random Forest R,0.777984208081746,0.646849572871965,0.701275335488367,0.646849572871965,0.665331508379385,0.744800866990758,1.98847508430481,0.079403877258301,2.06787896156311
et/Main_Sentinel_padding_ralert,4,4,Random Forest R,0.787273571760334,0.666534964409527,0.712227596991086,0.666534964409527,0.683972969006473,0.754074617917998,1.9687180519104,0.078500747680664,2.047218799591064
et/Main_Sentinel_padding_ralert,4,5,Random Forest R,0.785694379934974,0.656013672494703,0.698550004421227,0.656013672494703,0.672107399327916,0.75226859599634,1.980829954147339,0.077910900115967,2.058740854263306
et/Main_Sentinel_padding_ralert,4,6,Random Forest R,0.787180678123548,0.667810017538617,0.702127210193985,0.667810017538617,0.67990102157931,0.754905947627027,1.998399019241333,0.078447103500366,2.076846122741699
et/Main_Sentinel_padding_ralert,4,7,Random Forest R,0.785137018114259,0.65185296786992,0.704856624684084,0.65185296786992,0.669613374162608,0.752509510108592,1.962882041931152,0.078639030456543,2.041521072387695
et/Main_Sentinel_padding_ralert,4,8,Random Forest R,0.785229911751045,0.66438396374086,0.709267937721224,0.66438396374086,0.679009079422423,0.752222356797584,1.999387979507446,0.078700065612793,2.078088045120239
et/Main_Sentinel_padding_ralert,4,9,Random Forest R,0.787087784486763,0.667303291747859,0.705820422083968,0.667303291747859,0.682031874298696,0.755578001919128,1.951508045196533,0.078735828399658,2.030243873596192
et/Main_Sentinel_padding_ralert,4,10,Random Forest R,0.788481189038551,0.673929607600447,0.707135937169796,0.673929607600447,0.685251643702614,0.757155080958164,1.978214979171753,0.078184843063354,2.056399822235108
et/Main_Sentinel_padding_ralert,5,1,Random Forest R,0.777354634961917,0.654301961243442,0.682292296104736,0.654301961243442,0.663117999831224,0.743357560816887,2.013945817947388,0.078014135360718,2.091959953308106
et/Main_Sentinel_padding_ralert,5,2,Random Forest R,0.78710756083968,0.662397332535666,0.69805052520339,0.662397332535666,0.674711872739554,0.754088703364928,1.971828937530518,0.078772068023682,2.050601005554199
et/Main_Sentinel_padding_ralert,5,3,Random Forest R,0.786344635392476,0.660262071172689,0.701155120904908,0.660262071172689,0.675481049201636,0.754805923236087,1.974895000457764,0.077463150024414,2.052358150482178
et/Main_Sentinel_padding_ralert,5,4,Random Forest R,0.782814677194612,0.65572970079317,0.683639383451369,0.65572970079317,0.666221781606936,0.748763011773343,1.992837905883789,0.078531265258789,2.071369171142578
et/Main_Sentinel_padding_ralert,5,5,Random Forest R,0.783464932652113,0.648711509319199,0.704383256801306,0.648711509319199,0.669535125845647,0.750761822199241,1.994249820709228,0.077895879745483,2.072145700454712
et/Main_Sentinel_padding_ralert,5,6,Random Forest R,0.7921040408732,0.67387112770031,0.708383980167531,0.67387112770031,0.686283297517063,0.760091808531275,1.980520963668823,0.078352212905884,2.058873176574707
et/Main_Sentinel_padding_ralert,5,7,Random Forest R,0.777333952624245,0.65436392219873,0.688176176970297,0.65436392219873,0.665100844456303,0.743254904159524,2.016321897506714,0.079140901565552,2.095462799072266
et/Main_Sentinel_padding_ralert,5,8,Random Forest R,0.785973060845332,0.658524714256146,0.699562588284848,0.658524714256146,0.673148876942723,0.753663299200881,1.988633155822754,0.078873872756958,2.067507028579712
et/Main_Sentinel_padding_ralert,5,9,Random Forest R,0.786344635392476,0.659528554496337,0.707520325877179,0.659528554496337,0.678058477448556,0.754979506283829,1.98943305015564,0.078740119934082,2.068173170089722
et/Main_Sentinel_padding_ralert,5,10,Random Forest R,0.787273571760334,0.669403754925671,0.704624292625137,0.669403754925671,0.682598213588956,0.755065888143975,1.990701913833618,0.077721834182739,2.068423748016358
et/Main_Sentinel_padding_ralert,6,1,Random Forest R,0.781162920304663,0.643054224351448,0.686255761392332,0.643054224351448,0.657661487343134,0.747435310004394,1.982213020324707,0.077695846557617,2.059908866882324
et/Main_Sentinel_padding_ralert,6,2,Random Forest R,0.781348690321382,0.653026324025908,0.695212753463927,0.653026324025908,0.667491629704447,0.746996257639342,2.011338949203491,0.077842235565186,2.089181184768677
et/Main_Sentinel_padding_ralert,6,3,Random Forest R,0.789038550859266,0.668602648574521,0.695649398618461,0.668602648574521,0.678134621836228,0.756902320977676,2.012768983840942,0.078439950942993,2.091208934783936
et/Main_Sentinel_padding_ralert,6,4,Random Forest R,0.784022294472829,0.654004590371594,0.703448324275387,0.654004590371594,0.669794204516707,0.751263487914359,2.031745672225952,0.085509300231934,2.117254972457886
et/Main_Sentinel_padding_ralert,6,5,Random Forest R,0.787923827217836,0.666294147632058,0.698168295002923,0.666294147632058,0.678273588375243,0.756007993515916,2.006561040878296,0.077473640441895,2.08403468132019
et/Main_Sentinel_padding_ralert,6,6,Random Forest R,0.783557826288899,0.666113561950219,0.70360585270583,0.666113561950219,0.680030283245124,0.751064781394843,2.000689029693604,0.077923774719238,2.078612804412842
et/Main_Sentinel_padding_ralert,6,7,Random Forest R,0.78467254993033,0.660257094427262,0.693591558709128,0.660257094427262,0.671779665555327,0.752658728822159,2.002969026565552,0.077764987945557,2.080734014511108
et/Main_Sentinel_padding_ralert,6,8,Random Forest R,0.783464932652113,0.663584132944302,0.702503497540577,0.663584132944302,0.677349117934767,0.750569803903006,1.96533989906311,0.07862114906311,2.043961048126221
et/Main_Sentinel_padding_ralert,6,9,Random Forest R,0.789224338132838,0.671870799537995,0.719710639485538,0.671870799537995,0.688608740840435,0.756945490999157,1.981820106506348,0.077668905258179,2.059489011764526
et/Main_Sentinel_padding_ralert,6,10,Random Forest R,0.78736646539712,0.664953373009995,0.710165203927161,0.664953373009995,0.681837671876884,0.755550330585763,1.985712051391602,0.079154014587402,2.064866065979004
et/Main_Sentinel_padding_ralert,7,1,Random Forest R,0.780791380271224,0.657215428942712,0.700005457591057,0.657215428942712,0.671433496972639,0.74816497328445,1.984920024871826,0.07787013053894,2.062790155410766
et/Main_Sentinel_padding_ralert,7,2,Random Forest R,0.780698495262865,0.663609131893845,0.705141993829715,0.663609131893845,0.676697435950073,0.746961832862322,1.976813077926636,0.079352140426636,2.056165218353272
et/Main_Sentinel_padding_ralert,7,3,Random Forest R,0.782071528100325,0.662006408286305,0.707132088914867,0.662006408286305,0.677980885678355,0.749373721851076,1.988932132720947,0.07886004447937,2.067792177200318
et/Main_Sentinel_padding_ralert,7,4,Random Forest R,0.791360891778913,0.674602295400584,0.708085654426459,0.674602295400584,0.687807116492215,0.759336832361295,2.041187047958374,0.078614950180054,2.119801998138428
et/Main_Sentinel_padding_ralert,7,5,Random Forest R,0.787273571760334,0.664567491588412,0.691708871460826,0.664567491588412,0.673577351308232,0.754492243159524,1.996829032897949,0.077069997787476,2.073899030685425
et/Main_Sentinel_padding_ralert,7,6,Random Forest R,0.783743613562471,0.65592128254459,0.702132625793465,0.65592128254459,0.673374571707856,0.75132767640111,1.979748725891113,0.078819274902344,2.058568000793457
et/Main_Sentinel_padding_ralert,7,7,Random Forest R,0.780771017185323,0.650185667783846,0.702449796232715,0.650185667783846,0.66792567380902,0.746779583884423,1.974718809127808,0.078472852706909,2.053191661834717
et/Main_Sentinel_padding_ralert,7,8,Random Forest R,0.780399442638179,0.650225404882133,0.694350105871324,0.650225404882133,0.665619858695731,0.74734337322131,1.999025106430054,0.078842878341675,2.077867984771728
et/Main_Sentinel_padding_ralert,7,9,Random Forest R,0.790339061774268,0.65991270787255,0.701455754545053,0.65991270787255,0.674470888799631,0.758599804438519,2.000604867935181,0.07712197303772,2.0777268409729
et/Main_Sentinel_padding_ralert,7,10,Random Forest R,0.793961913608918,0.683220405180126,0.712749024531699,0.683220405180126,0.69289162879977,0.762659336844694,1.99518895149231,0.078346967697144,2.073535919189453
et/Main_Sentinel_padding_ralert,8,1,Random Forest R,0.775496934794724,0.643054047685584,0.68144753080005,0.643054047685584,0.655887612025695,0.741681976368369,1.978326082229614,0.078593015670776,2.05691909790039
et/Main_Sentinel_padding_ralert,8,2,Random Forest R,0.788129295931637,0.664285538885856,0.707750211760106,0.664285538885856,0.677892444223998,0.756483409335359,1.981323003768921,0.077632904052734,2.058955907821655
et/Main_Sentinel_padding_ralert,8,3,Random Forest R,0.789967487227125,0.665348565799863,0.715596561449305,0.665348565799863,0.684870148188898,0.757839292241863,1.999993801116943,0.077821016311646,2.077814817428589
et/Main_Sentinel_padding_ralert,8,4,Random Forest R,0.777148165350673,0.653421834383865,0.681569164399158,0.653421834383865,0.663458192955036,0.744180936972749,1.985490798950195,0.079126119613647,2.064616918563843
et/Main_Sentinel_padding_ralert,8,5,Random Forest R,0.786994890849977,0.65992956038158,0.697843128766811,0.65992956038158,0.673974422392511,0.754928600241184,1.960653066635132,0.07913088798523,2.039783954620361
et/Main_Sentinel_padding_ralert,8,6,Random Forest R,0.792011147236414,0.669639244129349,0.721699500950853,0.669639244129349,0.688816477584746,0.759649683051119,2.009124994277954,0.078500747680664,2.087625741958618
et/Main_Sentinel_padding_ralert,8,7,Random Forest R,0.791918253599628,0.663346397342063,0.698985094729025,0.663346397342063,0.675552938724863,0.760080891311985,1.999201059341431,0.077131986618042,2.076333045959473
et/Main_Sentinel_padding_ralert,8,8,Random Forest R,0.782164421737111,0.65772182887207,0.686332218842341,0.65772182887207,0.668538119491389,0.748725330199378,2.001818895339966,0.078454971313477,2.080273866653442
et/Main_Sentinel_padding_ralert,8,9,Random Forest R,0.784022294472829,0.662332762878885,0.700710750461497,0.662332762878885,0.676439824842778,0.751552551800193,1.98166275024414,0.078844785690308,2.060507535934448
et/Main_Sentinel_padding_ralert,8,10,Random Forest R,0.783557826288899,0.653664396638584,0.689853206759983,0.653664396638584,0.667339143856314,0.749959439666785,1.973609924316406,0.077240228652954,2.05085015296936
et/Main_Sentinel_padding_ralert,9,1,Random Forest R,0.784321010588891,0.65464668371429,0.693515818254826,0.65464668371429,0.668385004485576,0.751795489106412,2.008601903915405,0.077960014343262,2.086561918258667
et/Main_Sentinel_padding_ralert,9,2,Random Forest R,0.784878320639049,0.663825942967336,0.696315061257655,0.663825942967336,0.676561675014172,0.752778386339548,2.042565107345581,0.077692270278931,2.120257377624512
et/Main_Sentinel_padding_ralert,9,3,Random Forest R,0.784858337203902,0.662783346222768,0.689801024085024,0.662783346222768,0.67259294427585,0.752269347037211,2.006667137145996,0.077673196792603,2.084340333938599
et/Main_Sentinel_padding_ralert,9,4,Random Forest R,0.782071528100325,0.658382119952217,0.695738641018906,0.658382119952217,0.672098831806459,0.74851199527366,1.993668079376221,0.078073263168335,2.071741342544556
et/Main_Sentinel_padding_ralert,9,5,Random Forest R,0.790803529958198,0.675715193454741,0.711716928698556,0.675715193454741,0.688599121938413,0.758831876577305,1.974339008331299,0.078023910522461,2.05236291885376
et/Main_Sentinel_padding_ralert,9,6,Random Forest R,0.783000464468184,0.660214598569679,0.706948060540207,0.660214598569679,0.676362140174176,0.75020517621692,2.007546901702881,0.078130960464478,2.085677862167358
et/Main_Sentinel_padding_ralert,9,7,Random Forest R,0.786158848118904,0.667104161455667,0.710188348268465,0.667104161455667,0.682136157051438,0.753878563148744,2.007499933242798,0.077566862106323,2.085066795349121
et/Main_Sentinel_padding_ralert,9,8,Random Forest R,0.780956804458895,0.654588586648978,0.713947087054474,0.654588586648978,0.671844763549936,0.747578844202516,1.9999680519104,0.078596115112305,2.078564167022705
et/Main_Sentinel_padding_ralert,9,9,Random Forest R,0.78309335810497,0.658085656486296,0.696837928653677,0.658085656486296,0.670753921788897,0.750081831993077,1.977782011032104,0.078057050704956,2.05583906173706
et/Main_Sentinel_padding_ralert,9,10,Random Forest R,0.786623316302833,0.650713513506928,0.687342746052956,0.650713513506928,0.665247722294171,0.753831212042055,2.048722267150879,0.078170776367188,2.126893043518066
